<?xml version="1.0" encoding="UTF-8"?>
<simjob>
    <name>12_hex_fo2_1</name>
    <state>FinishedNormally</state>
    <job_steps>
        <job_step>
            <placement>0</placement>
            <state>Running</state>
            <command>
                <line>/tmp/siqad_samuelshng/plugins/12_hex_fo2_1/step_0/sim_problem_0.xml</line>
                <line>/tmp/siqad_samuelshng/plugins/12_hex_fo2_1/step_0/sim_result_0.xml</line>
            </command>
            <!--Paths below are relative to SimJob manifest-->
            <step_dir>step_0</step_dir>
            <problem_path>step_0/sim_problem_0.xml</problem_path>
            <result_path>step_0/sim_result_0.xml</result_path>
        </job_step>
    </job_steps>
</simjob>