<?xml version="1.0" encoding="utf-8"?>
<sim_out>
    <eng_info>
        <engine>SimAnneal</engine>
        <version>TBD</version>
        <return_code>0</return_code>
        <timestamp>Mon Nov  8 18:29:53 2021</timestamp>
        <time_elapsed_s>1.362405</time_elapsed_s>
    </eng_info>
    <sim_params>
        <T_e_inv_point>0.09995000064373016</T_e_inv_point>
        <T_init>500</T_init>
        <T_min>2</T_min>
        <T_schedule>exponential</T_schedule>
        <anneal_cycles>10000</anneal_cycles>
        <debye_length>5</debye_length>
        <eps_r>5.599999904632568</eps_r>
        <hop_attempt_factor>5</hop_attempt_factor>
        <muzm>-0.3199999928474426</muzm>
        <num_instances>500</num_instances>
        <phys_validity_check_cycles>10</phys_validity_check_cycles>
        <reset_T_during_v_freeze_reset>false</reset_T_during_v_freeze_reset>
        <result_queue_size>0.10000000149011612</result_queue_size>
        <strategic_v_freeze_reset>false</strategic_v_freeze_reset>
        <v_freeze_end_point>0.4000000059604645</v_freeze_end_point>
        <v_freeze_init>-1</v_freeze_init>
        <v_freeze_reset>-1</v_freeze_reset>
        <v_freeze_threshold>4</v_freeze_threshold>
    </sim_params>
    <physloc>
        <dbdot x="-65.280000" y="-61.440000"/>
        <dbdot x="65.280000" y="-61.440000"/>
        <dbdot x="-49.920000" y="69.120000"/>
        <dbdot x="49.920000" y="69.120000"/>
        <dbdot x="-42.240000" y="-46.080000"/>
        <dbdot x="-49.920000" y="-53.760000"/>
        <dbdot x="-19.200000" y="-30.720000"/>
        <dbdot x="-26.880000" y="-38.400000"/>
        <dbdot x="19.200000" y="-30.720000"/>
        <dbdot x="26.880000" y="-38.400000"/>
        <dbdot x="42.240000" y="-46.080000"/>
        <dbdot x="49.920000" y="-53.760000"/>
        <dbdot x="42.240000" y="61.440000"/>
        <dbdot x="19.200000" y="46.080000"/>
        <dbdot x="26.880000" y="53.760000"/>
        <dbdot x="65.280000" y="76.800000"/>
        <dbdot x="-26.880000" y="53.760000"/>
        <dbdot x="-19.200000" y="46.080000"/>
        <dbdot x="-65.280000" y="76.800000"/>
        <dbdot x="-42.240000" y="61.440000"/>
        <dbdot x="-7.680000" y="-7.680000"/>
        <dbdot x="-11.520000" y="2.250000"/>
        <dbdot x="-7.680000" y="23.040000"/>
        <dbdot x="3.840000" y="32.970000"/>
    </physloc>
    <elec_dist>
        <dist energy="1.132769" count="22000" physically_valid="1" state_count="3">---00-0--0-0--0--0-0-0-0</dist>
        <dist energy="1.135883" count="3000" physically_valid="1" state_count="3">--00-0-0-0-0--0-0----0-0</dist>
        <dist energy="1.820243" count="2000" physically_valid="0" state_count="3">-----0-0-0--00---0-0-0--</dist>
        <dist energy="1.814743" count="329" physically_valid="0" state_count="3">----0-0---0-00---0-0-0--</dist>
        <dist energy="1.133776" count="8000" physically_valid="1" state_count="3">---0-0-0-0-0--0--0-0-0-0</dist>
        <dist energy="1.130423" count="38000" physically_valid="1" state_count="3">-----0-0-0-000---0-00-0-</dist>
        <dist energy="1.133776" count="17000" physically_valid="1" state_count="3">--000-0--0-0--0-0----0-0</dist>
        <dist energy="1.813842" count="53671" physically_valid="0" state_count="3">----0-0--0--00---0-0-0--</dist>
        <dist energy="1.453781" count="49000" physically_valid="1" state_count="3">-----0-0-0-000---0-0-0--</dist>
        <dist energy="1.128252" count="75000" physically_valid="1" state_count="3">--0--0-0-0-000--0---0-0-</dist>
        <dist energy="1.449621" count="232000" physically_valid="1" state_count="3">----0-0--0-000---0-0-0--</dist>
    </elec_dist>
</sim_out>
