<?xml version="1.0" encoding="utf-8"?>
<sim_out>
    <eng_info>
        <engine>SimAnneal</engine>
        <version>TBD</version>
        <return_code>0</return_code>
        <timestamp>Mon Nov  8 20:59:12 2021</timestamp>
        <time_elapsed_s>1.127392</time_elapsed_s>
    </eng_info>
    <sim_params>
        <T_e_inv_point>0.09995000064373016</T_e_inv_point>
        <T_init>500</T_init>
        <T_min>2</T_min>
        <T_schedule>exponential</T_schedule>
        <anneal_cycles>10000</anneal_cycles>
        <debye_length>5</debye_length>
        <eps_r>5.599999904632568</eps_r>
        <hop_attempt_factor>5</hop_attempt_factor>
        <muzm>-0.3199999928474426</muzm>
        <num_instances>500</num_instances>
        <phys_validity_check_cycles>10</phys_validity_check_cycles>
        <reset_T_during_v_freeze_reset>false</reset_T_during_v_freeze_reset>
        <result_queue_size>0.10000000149011612</result_queue_size>
        <strategic_v_freeze_reset>false</strategic_v_freeze_reset>
        <v_freeze_end_point>0.4000000059604645</v_freeze_end_point>
        <v_freeze_init>-1</v_freeze_init>
        <v_freeze_reset>-1</v_freeze_reset>
        <v_freeze_threshold>4</v_freeze_threshold>
    </sim_params>
    <physloc>
        <dbdot x="49.920000" y="69.120000"/>
        <dbdot x="-42.240000" y="-46.080000"/>
        <dbdot x="-49.920000" y="-53.760000"/>
        <dbdot x="-19.200000" y="-30.720000"/>
        <dbdot x="-26.880000" y="-38.400000"/>
        <dbdot x="42.240000" y="61.440000"/>
        <dbdot x="19.200000" y="46.080000"/>
        <dbdot x="26.880000" y="53.760000"/>
        <dbdot x="65.280000" y="76.800000"/>
        <dbdot x="-23.040000" y="46.080000"/>
        <dbdot x="23.040000" y="-30.720000"/>
        <dbdot x="0.000000" y="-46.080000"/>
        <dbdot x="0.000000" y="61.440000"/>
        <dbdot x="-7.680000" y="0.000000"/>
        <dbdot x="-7.680000" y="15.360000"/>
        <dbdot x="7.680000" y="15.360000"/>
        <dbdot x="7.680000" y="0.000000"/>
        <dbdot x="-65.280000" y="-61.440000"/>
    </physloc>
    <elec_dist>
        <dist energy="1.855984" count="1000" physically_valid="0" state_count="3">----0--0-----0-0--</dist>
        <dist energy="0.874606" count="377" physically_valid="0" state_count="3">00-0--00------0-0-</dist>
        <dist energy="0.874526" count="623" physically_valid="0" state_count="3">00-0---0------000-</dist>
        <dist energy="0.867345" count="3982" physically_valid="0" state_count="3">0-0-0--0-----0-00-</dist>
        <dist energy="1.484197" count="9000" physically_valid="0" state_count="3">----000-------0-0-</dist>
        <dist energy="1.488164" count="2058" physically_valid="0" state_count="3">--0-0--0------0-0-</dist>
        <dist energy="1.110037" count="10000" physically_valid="1" state_count="3">-0-0-00------0-0--</dist>
        <dist energy="0.874526" count="589" physically_valid="0" state_count="3">--0-000------00-0-</dist>
        <dist energy="0.874606" count="411" physically_valid="0" state_count="3">--00000-------0-0-</dist>
        <dist energy="1.488164" count="1942" physically_valid="0" state_count="3">0---0--0------0-0-</dist>
        <dist energy="1.108978" count="34000" physically_valid="1" state_count="3">--0-000-------0-0-</dist>
        <dist energy="0.867345" count="4018" physically_valid="0" state_count="3">0-0-0--0-----000--</dist>
        <dist energy="1.106602" count="100000" physically_valid="1" state_count="3">-0-0-00-------0-0-</dist>
        <dist energy="1.112235" count="7000" physically_valid="1" state_count="3">0-0-0--0------0-0-</dist>
        <dist energy="1.108978" count="33000" physically_valid="1" state_count="3">00-0---0------0-0-</dist>
        <dist energy="1.481518" count="9000" physically_valid="0" state_count="3">----000------0-0--</dist>
        <dist energy="1.480648" count="22822" physically_valid="0" state_count="3">--0-0--0-----0-0--</dist>
        <dist energy="1.480648" count="23178" physically_valid="0" state_count="3">0---0--0-----0-0--</dist>
        <dist energy="1.105996" count="108000" physically_valid="1" state_count="3">0-0-0--0-----0-0--</dist>
        <dist energy="1.481518" count="23000" physically_valid="0" state_count="3">-0-0---0-----0-0--</dist>
        <dist energy="1.107575" count="41000" physically_valid="1" state_count="3">00-0---0-----0-0--</dist>
        <dist energy="1.107575" count="55000" physically_valid="1" state_count="3">--0-000------0-0--</dist>
        <dist energy="1.484197" count="10000" physically_valid="0" state_count="3">-0-0---0------0-0-</dist>
    </elec_dist>
</sim_out>
