<?xml version="1.0" encoding="utf-8"?>
<sim_out>
    <eng_info>
        <engine>SimAnneal</engine>
        <version>TBD</version>
        <return_code>0</return_code>
        <timestamp>Sat Nov  6 16:27:59 2021</timestamp>
        <time_elapsed_s>1.214132</time_elapsed_s>
    </eng_info>
    <sim_params>
        <T_e_inv_point>0.09995000064373016</T_e_inv_point>
        <T_init>500</T_init>
        <T_min>2</T_min>
        <T_schedule>exponential</T_schedule>
        <anneal_cycles>10000</anneal_cycles>
        <debye_length>5</debye_length>
        <eps_r>5.599999904632568</eps_r>
        <hop_attempt_factor>5</hop_attempt_factor>
        <muzm>-0.3199999928474426</muzm>
        <num_instances>500</num_instances>
        <phys_validity_check_cycles>10</phys_validity_check_cycles>
        <reset_T_during_v_freeze_reset>false</reset_T_during_v_freeze_reset>
        <result_queue_size>0.10000000149011612</result_queue_size>
        <strategic_v_freeze_reset>false</strategic_v_freeze_reset>
        <v_freeze_end_point>0.4000000059604645</v_freeze_end_point>
        <v_freeze_init>-1</v_freeze_init>
        <v_freeze_reset>-1</v_freeze_reset>
        <v_freeze_threshold>4</v_freeze_threshold>
    </sim_params>
    <physloc>
        <dbdot x="23.040000" y="23.040000"/>
        <dbdot x="161.280000" y="15.360000"/>
        <dbdot x="138.240000" y="153.600000"/>
        <dbdot x="46.080000" y="38.400000"/>
        <dbdot x="38.400000" y="30.720000"/>
        <dbdot x="69.120000" y="53.760000"/>
        <dbdot x="61.440000" y="46.080000"/>
        <dbdot x="107.520000" y="53.760000"/>
        <dbdot x="115.200000" y="46.080000"/>
        <dbdot x="130.560000" y="38.400000"/>
        <dbdot x="138.240000" y="30.720000"/>
        <dbdot x="130.560000" y="145.920000"/>
        <dbdot x="107.520000" y="130.560000"/>
        <dbdot x="115.200000" y="138.240000"/>
        <dbdot x="88.320000" y="115.200000"/>
        <dbdot x="92.160000" y="122.880000"/>
        <dbdot x="153.600000" y="161.280000"/>
        <dbdot x="88.320000" y="76.800000"/>
        <dbdot x="84.480000" y="84.480000"/>
        <dbdot x="103.680000" y="84.480000"/>
        <dbdot x="84.480000" y="102.090000"/>
    </physloc>
    <elec_dist>
        <dist energy="0.731424" count="14" physically_valid="0" state_count="3">--0-0-00-0---0-0-00-0</dist>
        <dist energy="0.981399" count="3000" physically_valid="1" state_count="3">--0-0-00-0---0-0-0--0</dist>
        <dist energy="1.646354" count="18000" physically_valid="0" state_count="3">---0-0--0--00-0---0--</dist>
        <dist energy="2.024385" count="2000" physically_valid="0" state_count="3">------0-0--00-0---0--</dist>
        <dist energy="1.644872" count="28000" physically_valid="0" state_count="3">------00-0-00-0---0--</dist>
        <dist energy="1.281078" count="74000" physically_valid="1" state_count="3">---0-0-0-0-00-0---0--</dist>
        <dist energy="1.652545" count="1000" physically_valid="0" state_count="3">----0-0-0--00-0---0--</dist>
        <dist energy="0.730355" count="6986" physically_valid="0" state_count="3">--0-0-00-0---000-00--</dist>
        <dist energy="1.278770" count="185000" physically_valid="1" state_count="3">----0-00-0-00-0---0--</dist>
        <dist energy="0.964280" count="182000" physically_valid="0" state_count="3">----0-00-0-00-0--00--</dist>
    </elec_dist>
</sim_out>
