<?xml version="1.0" encoding="utf-8"?>
<sim_out>
    <eng_info>
        <engine>SimAnneal</engine>
        <version>TBD</version>
        <return_code>0</return_code>
        <timestamp>Tue Nov  9 15:22:25 2021</timestamp>
        <time_elapsed_s>1.547558</time_elapsed_s>
    </eng_info>
    <sim_params>
        <T_e_inv_point>0.09995000064373016</T_e_inv_point>
        <T_init>500</T_init>
        <T_min>2</T_min>
        <T_schedule>exponential</T_schedule>
        <anneal_cycles>10000</anneal_cycles>
        <debye_length>5</debye_length>
        <eps_r>5.599999904632568</eps_r>
        <hop_attempt_factor>5</hop_attempt_factor>
        <muzm>-0.3199999928474426</muzm>
        <num_instances>500</num_instances>
        <phys_validity_check_cycles>10</phys_validity_check_cycles>
        <reset_T_during_v_freeze_reset>false</reset_T_during_v_freeze_reset>
        <result_queue_size>0.10000000149011612</result_queue_size>
        <strategic_v_freeze_reset>false</strategic_v_freeze_reset>
        <v_freeze_end_point>0.4000000059604645</v_freeze_end_point>
        <v_freeze_init>-1</v_freeze_init>
        <v_freeze_reset>-1</v_freeze_reset>
        <v_freeze_threshold>4</v_freeze_threshold>
    </sim_params>
    <physloc>
        <dbdot x="-49.920000" y="69.120000"/>
        <dbdot x="49.920000" y="69.120000"/>
        <dbdot x="-42.240000" y="-46.080000"/>
        <dbdot x="-49.920000" y="-53.760000"/>
        <dbdot x="-19.200000" y="-30.720000"/>
        <dbdot x="-26.880000" y="-38.400000"/>
        <dbdot x="19.200000" y="-30.720000"/>
        <dbdot x="26.880000" y="-38.400000"/>
        <dbdot x="42.240000" y="-46.080000"/>
        <dbdot x="49.920000" y="-53.760000"/>
        <dbdot x="42.240000" y="61.440000"/>
        <dbdot x="19.200000" y="46.080000"/>
        <dbdot x="26.880000" y="53.760000"/>
        <dbdot x="65.280000" y="76.800000"/>
        <dbdot x="-26.880000" y="53.760000"/>
        <dbdot x="-19.200000" y="46.080000"/>
        <dbdot x="-65.280000" y="76.800000"/>
        <dbdot x="-42.240000" y="61.440000"/>
        <dbdot x="-19.200000" y="-13.110000"/>
        <dbdot x="19.200000" y="-13.110000"/>
        <dbdot x="-19.200000" y="25.290000"/>
        <dbdot x="19.200000" y="25.290000"/>
        <dbdot x="-30.720000" y="17.610000"/>
        <dbdot x="30.720000" y="17.610000"/>
        <dbdot x="-34.560000" y="0.000000"/>
        <dbdot x="34.560000" y="0.000000"/>
        <dbdot x="-65.280000" y="-61.440000"/>
        <dbdot x="65.280000" y="-61.440000"/>
    </physloc>
    <elec_dist>
        <dist energy="1.816772" count="113000" physically_valid="1" state_count="3">--0-0--0-000---0-0-0--00----</dist>
        <dist energy="1.507169" count="155000" physically_valid="1" state_count="3">---0-0-0-000---0-000--00----</dist>
        <dist energy="2.560574" count="64" physically_valid="0" state_count="3">--0-0-0-0-00--0-----0--0----</dist>
        <dist energy="1.819551" count="20005" physically_valid="1" state_count="3">--0-0-0-0-00---0-0-0--00----</dist>
        <dist energy="2.140208" count="53000" physically_valid="0" state_count="3">--0-0-0-0-00---0-0----00----</dist>
        <dist energy="1.819551" count="19995" physically_valid="1" state_count="3">--0-0-0-0-00---0-00---00----</dist>
        <dist energy="1.517886" count="12000" physically_valid="1" state_count="3">0-0-0--0-000--0----00--00---</dist>
        <dist energy="1.252981" count="7000" physically_valid="0" state_count="3">0--0-0-0-000--0---000-00----</dist>
        <dist energy="1.816772" count="106000" physically_valid="1" state_count="3">---0-00-0-00---0-00---00----</dist>
        <dist energy="1.515434" count="1000" physically_valid="0" state_count="3">--0-0--0-000---0-000--00----</dist>
        <dist energy="1.252981" count="4000" physically_valid="0" state_count="3">-0-0-0-0-0--0--0-000-000----</dist>
        <dist energy="1.266822" count="1000" physically_valid="0" state_count="3">000-0--0-0--0-0----000-00---</dist>
        <dist energy="2.560078" count="936" physically_valid="0" state_count="3">--0-0-0-0-00--0-------00----</dist>
        <dist energy="1.517886" count="7000" physically_valid="1" state_count="3">-0-0-00-0---0--0-00--00--0--</dist>
    </elec_dist>
</sim_out>
