<?xml version="1.0" encoding="UTF-8"?>
<siqad>
    <!--Program Flags-->
    <program>
        <file_purpose>simulation</file_purpose>
        <version>0.3.3</version>
        <date>2021-11-06 17:12:30</date>
    </program>
    <sim_params>
        <T_e_inv_point>0.09995000064373016</T_e_inv_point>
        <T_init>500</T_init>
        <T_min>2</T_min>
        <T_schedule>exponential</T_schedule>
        <anneal_cycles>10000</anneal_cycles>
        <debye_length>5</debye_length>
        <eps_r>5.599999904632568</eps_r>
        <hop_attempt_factor>5</hop_attempt_factor>
        <muzm>-0.3199999928474426</muzm>
        <num_instances>500</num_instances>
        <phys_validity_check_cycles>10</phys_validity_check_cycles>
        <reset_T_during_v_freeze_reset>false</reset_T_during_v_freeze_reset>
        <result_queue_size>0.10000000149011612</result_queue_size>
        <strategic_v_freeze_reset>false</strategic_v_freeze_reset>
        <v_freeze_end_point>0.4000000059604645</v_freeze_end_point>
        <v_freeze_init>-1</v_freeze_init>
        <v_freeze_reset>-1</v_freeze_reset>
        <v_freeze_threshold>4</v_freeze_threshold>
    </sim_params>
    <!--GUI Flags-->
    <gui>
        <zoom>0.0649539</zoom>
        <displayed_region x1="-6.00426" y1="-49.4197" x2="223.389" y2="206.146"/>
        <scroll x="-309" y="-27"/>
    </gui>
    <!--Layer Properties-->
    <!--Layer ID is intrinsic to the layer order-->
    <layers>
        <layer_prop>
            <name>Lattice</name>
            <type>Lattice</type>
            <role>Design</role>
            <zoffset>0</zoffset>
            <zheight>0</zheight>
            <visible>1</visible>
            <active>0</active>
            <lat_vec>
                <a1 x="3.84" y="0"/>
                <a2 x="0" y="7.68"/>
                <N>2</N>
                <b1 x="0" y="0"/>
                <b2 x="0" y="2.25"/>
            </lat_vec>
        </layer_prop>
        <layer_prop>
            <name>Screenshot Overlay</name>
            <type>Misc</type>
            <role>Overlay</role>
            <zoffset>0</zoffset>
            <zheight>0</zheight>
            <visible>1</visible>
            <active>0</active>
        </layer_prop>
        <layer_prop>
            <name>Surface</name>
            <type>DB</type>
            <role>Design</role>
            <zoffset>0</zoffset>
            <zheight>0</zheight>
            <visible>1</visible>
            <active>0</active>
        </layer_prop>
        <layer_prop>
            <name>Metal</name>
            <type>Electrode</type>
            <role>Design</role>
            <zoffset>1000</zoffset>
            <zheight>100</zheight>
            <visible>1</visible>
            <active>0</active>
        </layer_prop>
    </layers>
    <!--Item Hierarchy-->
    <design>
        <!--Lattice-->
        <layer type="Lattice"/>
        <!--Screenshot Overlay-->
        <layer type="Misc"/>
        <!--Surface-->
        <layer type="DB">
            <dbdot>
                <layer_id>2</layer_id>
                <latcoord n="4" m="2" l="0"/>
                <physloc x="15.36" y="15.36"/>
                <color>#ffc8c8c8</color>
            </dbdot>
            <dbdot>
                <layer_id>2</layer_id>
                <latcoord n="40" m="3" l="0"/>
                <physloc x="153.6" y="23.04"/>
                <color>#ffc8c8c8</color>
            </dbdot>
            <dbdot>
                <layer_id>2</layer_id>
                <latcoord n="36" m="20" l="0"/>
                <physloc x="138.24" y="153.6"/>
                <color>#ffc8c8c8</color>
            </dbdot>
            <dbdot>
                <layer_id>2</layer_id>
                <latcoord n="12" m="5" l="0"/>
                <physloc x="46.08" y="38.4"/>
                <color>#ffc8c8c8</color>
            </dbdot>
            <dbdot>
                <layer_id>2</layer_id>
                <latcoord n="10" m="4" l="0"/>
                <physloc x="38.4" y="30.72"/>
                <color>#ffc8c8c8</color>
            </dbdot>
            <dbdot>
                <layer_id>2</layer_id>
                <latcoord n="18" m="7" l="0"/>
                <physloc x="69.12" y="53.76"/>
                <color>#ffc8c8c8</color>
            </dbdot>
            <dbdot>
                <layer_id>2</layer_id>
                <latcoord n="16" m="6" l="0"/>
                <physloc x="61.44" y="46.08"/>
                <color>#ffc8c8c8</color>
            </dbdot>
            <dbdot>
                <layer_id>2</layer_id>
                <latcoord n="28" m="7" l="0"/>
                <physloc x="107.52" y="53.76"/>
                <color>#ffc8c8c8</color>
            </dbdot>
            <dbdot>
                <layer_id>2</layer_id>
                <latcoord n="30" m="6" l="0"/>
                <physloc x="115.2" y="46.08"/>
                <color>#ffc8c8c8</color>
            </dbdot>
            <dbdot>
                <layer_id>2</layer_id>
                <latcoord n="34" m="5" l="0"/>
                <physloc x="130.56" y="38.4"/>
                <color>#ffc8c8c8</color>
            </dbdot>
            <dbdot>
                <layer_id>2</layer_id>
                <latcoord n="36" m="4" l="0"/>
                <physloc x="138.24" y="30.72"/>
                <color>#ffc8c8c8</color>
            </dbdot>
            <dbdot>
                <layer_id>2</layer_id>
                <latcoord n="34" m="19" l="0"/>
                <physloc x="130.56" y="145.92"/>
                <color>#ffc8c8c8</color>
            </dbdot>
            <dbdot>
                <layer_id>2</layer_id>
                <latcoord n="28" m="17" l="0"/>
                <physloc x="107.52" y="130.56"/>
                <color>#ffc8c8c8</color>
            </dbdot>
            <dbdot>
                <layer_id>2</layer_id>
                <latcoord n="30" m="18" l="0"/>
                <physloc x="115.2" y="138.24"/>
                <color>#ffc8c8c8</color>
            </dbdot>
            <dbdot>
                <layer_id>2</layer_id>
                <latcoord n="23" m="15" l="0"/>
                <physloc x="88.32" y="115.2"/>
                <color>#ffc8c8c8</color>
            </dbdot>
            <dbdot>
                <layer_id>2</layer_id>
                <latcoord n="24" m="16" l="0"/>
                <physloc x="92.16" y="122.88"/>
                <color>#ffc8c8c8</color>
            </dbdot>
            <dbdot>
                <layer_id>2</layer_id>
                <latcoord n="40" m="21" l="0"/>
                <physloc x="153.6" y="161.28"/>
                <color>#ffc8c8c8</color>
            </dbdot>
            <dbdot>
                <layer_id>2</layer_id>
                <latcoord n="21" m="10" l="0"/>
                <physloc x="80.64" y="76.8"/>
                <color>#ffc8c8c8</color>
            </dbdot>
            <dbdot>
                <layer_id>2</layer_id>
                <latcoord n="26" m="11" l="0"/>
                <physloc x="99.84" y="84.48"/>
                <color>#ffc8c8c8</color>
            </dbdot>
            <dbdot>
                <layer_id>2</layer_id>
                <latcoord n="21" m="11" l="1"/>
                <physloc x="80.64" y="86.73"/>
                <color>#ffc8c8c8</color>
            </dbdot>
            <dbdot>
                <layer_id>2</layer_id>
                <latcoord n="23" m="12" l="1"/>
                <physloc x="88.32" y="94.41"/>
                <color>#ffc8c8c8</color>
            </dbdot>
        </layer>
        <!--Metal-->
        <layer type="Electrode"/>
    </design>
</siqad>