<?xml version="1.0" encoding="utf-8"?>
<sim_out>
    <eng_info>
        <engine>SimAnneal</engine>
        <version>TBD</version>
        <return_code>0</return_code>
        <timestamp>Mon Nov  8 18:29:31 2021</timestamp>
        <time_elapsed_s>1.395757</time_elapsed_s>
    </eng_info>
    <sim_params>
        <T_e_inv_point>0.09995000064373016</T_e_inv_point>
        <T_init>500</T_init>
        <T_min>2</T_min>
        <T_schedule>exponential</T_schedule>
        <anneal_cycles>10000</anneal_cycles>
        <debye_length>5</debye_length>
        <eps_r>5.599999904632568</eps_r>
        <hop_attempt_factor>5</hop_attempt_factor>
        <muzm>-0.3199999928474426</muzm>
        <num_instances>500</num_instances>
        <phys_validity_check_cycles>10</phys_validity_check_cycles>
        <reset_T_during_v_freeze_reset>false</reset_T_during_v_freeze_reset>
        <result_queue_size>0.10000000149011612</result_queue_size>
        <strategic_v_freeze_reset>false</strategic_v_freeze_reset>
        <v_freeze_end_point>0.4000000059604645</v_freeze_end_point>
        <v_freeze_init>-1</v_freeze_init>
        <v_freeze_reset>-1</v_freeze_reset>
        <v_freeze_threshold>4</v_freeze_threshold>
    </sim_params>
    <physloc>
        <dbdot x="-72.960000" y="-69.120000"/>
        <dbdot x="65.280000" y="-61.440000"/>
        <dbdot x="-49.920000" y="69.120000"/>
        <dbdot x="49.920000" y="69.120000"/>
        <dbdot x="-42.240000" y="-46.080000"/>
        <dbdot x="-49.920000" y="-53.760000"/>
        <dbdot x="-19.200000" y="-30.720000"/>
        <dbdot x="-26.880000" y="-38.400000"/>
        <dbdot x="19.200000" y="-30.720000"/>
        <dbdot x="26.880000" y="-38.400000"/>
        <dbdot x="42.240000" y="-46.080000"/>
        <dbdot x="49.920000" y="-53.760000"/>
        <dbdot x="42.240000" y="61.440000"/>
        <dbdot x="19.200000" y="46.080000"/>
        <dbdot x="26.880000" y="53.760000"/>
        <dbdot x="65.280000" y="76.800000"/>
        <dbdot x="-26.880000" y="53.760000"/>
        <dbdot x="-19.200000" y="46.080000"/>
        <dbdot x="-65.280000" y="76.800000"/>
        <dbdot x="-42.240000" y="61.440000"/>
        <dbdot x="-7.680000" y="-7.680000"/>
        <dbdot x="-11.520000" y="2.250000"/>
        <dbdot x="-7.680000" y="23.040000"/>
        <dbdot x="3.840000" y="32.970000"/>
    </physloc>
    <elec_dist>
        <dist energy="0.833763" count="1000" physically_valid="0" state_count="3">--000-0--0-0--0-0---0-00</dist>
        <dist energy="1.421189" count="1" physically_valid="0" state_count="3">----0-0--0-00-0--0-0-0--</dist>
        <dist energy="1.746028" count="408" physically_valid="0" state_count="3">----0-0---0-00---0-0-0--</dist>
        <dist energy="1.409272" count="1" physically_valid="0" state_count="3">---00-0--0-0--0--0-0-0--</dist>
        <dist energy="1.745520" count="7592" physically_valid="0" state_count="3">----0-0--0--00---0-0-0--</dist>
        <dist energy="1.737808" count="79000" physically_valid="0" state_count="3">-------0-0-000---0-0-0--</dist>
        <dist energy="1.407044" count="1000" physically_valid="0" state_count="3">--0----0-0-000--0---0-0-</dist>
        <dist energy="1.381767" count="279998" physically_valid="1" state_count="3">----0-0--0-000---0-0-0--</dist>
        <dist energy="1.075554" count="1000" physically_valid="1" state_count="3">--0-0-0--0-000--0---0-0-</dist>
        <dist energy="1.066198" count="50000" physically_valid="1" state_count="3">--000-0--0-0--0-0----0-0</dist>
        <dist energy="2.107299" count="6000" physically_valid="0" state_count="3">-------0-0--00---0-0-0--</dist>
        <dist energy="1.065349" count="74000" physically_valid="1" state_count="3">---00-0--0-0--0--0-0-0-0</dist>
    </elec_dist>
</sim_out>
